<?xml version="1.0" encoding="UTF-8" standalone="no"?><playlists><playlist><title>my favourite songs</title><UUID>e90e2cb0-707a-48a9-8d03-8b3daeda5c0e</UUID><elements><UUID>b2ee0ca0-b5e2-4bc9-8fed-7932fb145f2f</UUID><UUID>44136020-dc80-4522-9b71-2b9aad5e3039</UUID></elements></playlist><playlist><title>my third playlist</title><UUID>23173338-8b6e-4174-af71-2fe8eef705da</UUID><elements><UUID>bbe99998-1be6-4a40-8bf0-6a7fce9087c9</UUID><UUID>6b834132-0a30-4b83-9835-814121b963a1</UUID><UUID>66d277ca-cbc4-471c-a07e-082362275bcc</UUID></elements></playlist></playlists>